Y\X	0	0,04	0,08	0,12	0,16	0,2	0,24	0,28	0,32	0,36	0,4	0,44	0,48	0,52	0,56	0,6	0,64	0,68	0,72	0,76	0,8	0,84	0,88	0,92	0,96	1	1,04	1,08	1,12	1,16	1,2	1,24	1,28	1,32	1,36	1,4	1,44	1,48	1,52	1,56	1,6	1,64	1,68	1,72	1,76	1,8	1,84	1,88	1,92	1,96	
0	0	0,12533323	0,24868989	0,36812455	0,48175367	0,58778525	0,68454711	0,77051324	0,84432793	0,90482705	0,95105652	0,98228725	0,99802673	0,99802673	0,98228725	0,95105652	0,90482705	0,84432793	0,77051324	0,68454711	0,58778525	0,48175367	0,36812455	0,24868989	0,12533323	0	0,12533323	0,24868989	0,36812455	0,48175367	0,58778525	0,68454711	0,77051324	0,84432793	0,90482705	0,95105652	0,98228725	0,99802673	0,99802673	0,98228725	0,95105652	0,90482705	0,84432793	0,77051324	0,68454711	0,58778525	0,48175367	0,36812455	0,24868989	0,12533323	
0,02	0,0196	0,13556886	0,25069777	0,36265573	0,46948866	0,56942089	0,66082667	0,74223709	0,81235561	0,87007447	0,91449097	0,94492061	0,96090827	0,9622362	0,94892907	0,92125659	0,87973337	0,82511837	0,75841546	0,68087991	0,59404127	0,4997688	0,40045866	0,29961283	0,20404085	0,13503007	0,20531608	0,30214382	0,40420543	0,5046713	0,60002014	0,68783616	0,76623095	0,83365716	0,88884253	0,93076731	0,95865941	0,97199474	0,97049773	0,95414174	0,92314836	0,87798264	0,81934547	0,74816446	0,66558152	0,57293842	0,4717642	0,3637668	0,25084391	0,13516542	
0,04	0,0384	0,14602262	0,25352227	0,35850794	0,45900471	0,55326005	0,63969301	0,71688787	0,78360303	0,83878348	0,88157429	0,91133291	0,92763927	0,93030487	0,91937863	0,89515165	0,85816093	0,80919514	0,7493063	0,67983506	0,60246765	0,5193709	0,43352134	0,34957815	0,2764839	0,23562699	0,27907043	0,35471273	0,44112528	0,52932409	0,61460992	0,69396849	0,7651953	0,82656733	0,87670946	0,91453818	0,9392387	0,95025485	0,94728331	0,93027146	0,89941541	0,85515407	0,79816288	0,72934626	0,64982695	0,5609363	0,46420853	0,36138441	0,25444682	0,14574527	
0,06	0,0564	0,15650705	0,25699136	0,35551427	0,4501289	0,53911866	0,62094868	0,69425459	0,75784632	0,81071824	0,85206016	0,88126863	0,89795685	0,90196386	0,89336179	0,87246202	0,83982256	0,79625902	0,74286521	0,68105196	0,61262981	0,53998197	0,46644423	0,39718267	0,34123421	0,3155316	0,34517482	0,40500534	0,47803067	0,55515296	0,63114552	0,70261426	0,76712005	0,82279745	0,8681827	0,90213473	0,92379889	0,9325878	0,92817085	0,91047039	0,87965792	0,83614787	0,78059259	0,71387566	0,6371031	0,55159756	0,45889698	0,36076644	0,25924271	0,156754	
0,08	0,0736	0,16690503	0,26095868	0,35352159	0,44269928	0,52682313	0,6044074	0,67413789	0,73487396	0,78565607	0,825716	0,85448678	0,87161286	0,87695932	0,87061966	0,85292375	0,82444761	0,78602883	0,73879238	0,68420052	0,62414514	0,5611281	0,49862537	0,44180142	0,39878194	0,38197566	0,40412472	0,45240754	0,51433605	0,58170436	0,64926823	0,71347317	0,77174047	0,82210477	0,86303371	0,8933388	0,91212994	0,91879023	0,91296325	0,89454753	0,86369082	0,82078481	0,76646072	0,70158293	0,62724251	0,54475352	0,45565484	0,36172482	0,26502382	0,16798909	
0,1	0,09	0,17713181	0,26529865	0,35239105	0,43656515	0,51621057	0,58989376	0,65635015	0,71448644	0,7633869	0,8023224	0,83076029	0,84837397	0,85505257	0,85090894	0,83628882	0,81178256	0,77824227	0,73681409	0,68898805	0,63668903	0,58244836	0,52970534	0,48330432	0,45012859	0,43904925	0,45692541	0,49679868	0,54969769	0,60863877	0,66867876	0,726281	0,77881693	0,82426652	0,8610522	0,8879494	0,90403785	0,90867437	0,9014789	0,88232694	0,85134385	0,80890023	0,75560732	0,69231188	0,62009101	0,54024988	0,45432457	0,3640959	0,27162434	0,17931481	
0,12	0,1056	0,18712372	0,26991526	0,3519982	0,4315872	0,50712872	0,57724291	0,64071474	0,69649623	0,74371325	0,78167337	0,8098759	0,82802111	0,83601976	0,83400177	0,82232573	0,80159089	0,77265949	0,73668455	0,69515757	0,64999663	0,60368876	0,55951149	0,52182931	0,49629542	0,48924426	0,50460337	0,53832568	0,58395657	0,63572223	0,68913896	0,74081171	0,78813697	0,82908203	0,86204664	0,88578214	0,89934464	0,90206848	0,89355173	0,87364808	0,84246198	0,80034392	0,74788652	0,68592016	0,61550856	0,53794727	0,4547661	0,36773968	0,27891234	0,19063585	
0,14	0,1204	0,19683064	0,27472502	0,35222901	0,42763723	0,49943567	0,56630066	0,62706594	0,68072748	0,72645016	0,76357607	0,79163406	0,81034911	0,81965148	0,81968553	0,81081813	0,79365635	0,76906278	0,73818214	0,70248945	0,66386163	0,62468468	0,58799852	0,55763757	0,53817804	0,53418923	0,54805867	0,57725919	0,61708132	0,66280882	0,71046737	0,75687761	0,79951614	0,83637243	0,86584415	0,88666998	0,89788902	0,89881681	0,88903127	0,86836578	0,83690501	0,7949804	0,74316694	0,6822797	0,61336947	0,5377217	0,45685692	0,3725377	0,28678263	0,2018827	
0,16	0,1344	0,20621164	0,27965647	0,35299169	0,42459765	0,49299985	0,5569234	0,61524942	0,6670159	0,71142468	0,74785002	0,77584822	0,79516663	0,80575273	0,80776109	0,80156815	0,78778072	0,76725253	0,74111261	0,71080209	0,67812831	0,64533854	0,61520084	0,59103332	0,57652145	0,57501342	0,58804058	0,61391272	0,64912146	0,68982093	0,73253245	0,77432665	0,81279669	0,84598072	0,87229089	0,89046333	0,8995263	0,89877955	0,88778264	0,86635022	0,83454801	0,79268902	0,74133187	0,6812769	0,61356276	0,53946432	0,46049129	0,37839072	0,29515111	0,21300328	
0,18	0,1476	0,21523226	0,28464733	0,35420261	0,42235882	0,48769978	0,54897781	0,60512134	0,65520824	0,69847534	0,73432693	0,76234452	0,78229562	0,79414065	0,79804725	0,79439341	0,78378039	0,76705119	0,74530925	0,71994621	0,69268061	0,66560203	0,64119949	0,62231951	0,61193344	0,61253913	0,62516264	0,64859971	0,68017316	0,71673063	0,75524307	0,7930386	0,82784662	0,85777129	0,88125176	0,89703002	0,90412815	0,90183267	0,88968676	0,86748718	0,83528107	0,79336414	0,74227921	0,68281284	0,61599213	0,54308154	0,46557954	0,38521648	0,30395062	0,22395777	
0,2	0,16	0,22386314	0,289643	0,35578732	0,42083187	0,48342368	0,54234026	0,59654776	0,6451619	0,68745212	0,72285059	0,75096169	0,77156895	0,78464982	0,79037581	0,78912406	0,78149126	0,76830299	0,75062794	0,72979861	0,70743499	0,68546131	0,66609762	0,65177772	0,64490879	0,64738768	0,65992493	0,68161287	0,71035536	0,74354376	0,77854077	0,81292135	0,84455739	0,87162873	0,89260991	0,90625468	0,91158236	0,90786826	0,89464033	0,87167774	0,83900973	0,79691522	0,74592186	0,68680334	0,62057596	0,54849455	0,47204707	0,3929479	0,31312786	0,23471552	
0,22	0,1716	0,23207883	0,2945956	0,35767898	0,41993423	0,48006653	0,53689633	0,58940495	0,63674491	0,6782161	0,71327627	0,74154836	0,76283685	0,77712541	0,78458983	0,78560845	0,7807676	0,77086956	0,75694388	0,74025946	0,72233236	0,70492383	0,69000639	0,67966066	0,67585049	0,68004126	0,69273564	0,71321465	0,73979431	0,77028876	0,8023925	0,83390625	0,86284129	0,88745634	0,90626593	0,9180387	0,92179295	0,91679421	0,90255551	0,87883857	0,84565495	0,80326699	0,75218777	0,69317899	0,62724722	0,5556391	0,4798335	0,40153151	0,32264118	0,24525305	
0,24	0,1824	0,239857	0,29946252	0,35981764	0,41959136	0,47754333	0,53254115	0,58357878	0,62983541	0,67063898	0,70546807	0,73397013	0,75595778	0,77142388	0,78055029	0,78371078	0,78147739	0,77462782	0,76415034	0,75124701	0,73733153	0,72401109	0,71303585	0,70618934	0,70508771	0,71088078	0,72392809	0,74363545	0,76861472	0,79700739	0,82678373	0,85594386	0,88262894	0,90517504	0,92213711	0,93229927	0,93467968	0,92853411	0,91336021	0,88890199	0,85515317	0,81235949	0,76102007	0,70188534	0,63595354	0,56446498	0,48889201	0,41092622	0,33245893	0,25555284	
0,26	0,1924	0,24717803	0,30420588	0,36214972	0,4197362	0,47577511	0,52917645	0,57896408	0,62432138	0,66460024	0,69930704	0,72809877	0,75080193	0,76741904	0,77813167	0,78330662	0,78350209	0,77946963	0,77215492	0,76269496	0,75240555	0,74275184	0,735289	0,73155361	0,73288874	0,74021041	0,75377577	0,77307454	0,79693372	0,82374795	0,851713	0,87900021	0,90386721	0,92472154	0,94015604	0,94896919	0,95017789	0,94302703	0,9269979	0,901816	0,86745648	0,82414841	0,77237718	0,71288286	0,64665707	0,57493593	0,49918869	0,42110228	0,34255837	0,26560236	
0,28	0,2016	0,25402459	0,30879229	0,36462721	0,42030818	0,47469056	0,52672359	0,57546526	0,62009743	0,65999607	0,69467817	0,72381867	0,74725607	0,76499591	0,77721843	0,78428426	0,78673605	0,78529931	0,78087911	0,77455	0,76753658	0,76117687	0,75685804	0,75591363	0,75947278	0,76827528	0,78250232	0,80170152	0,82485774	0,85056074	0,87718779	0,90305355	0,92651645	0,94604682	0,96027017	0,96799608	0,96823792	0,96022742	0,94342773	0,91754436	0,88253281	0,8386051	0,78623299	0,7261472	0,65933442	0,58702935	0,51070219	0,43204069	0,35292483	0,27539346	
0,3	0,21	0,26038131	0,31319195	0,36720728	0,4212531	0,47422578	0,52510994	0,57298996	0,61707448	0,65672469	0,69148031	0,72102957	0,74521632	0,7640491	0,77770717	0,78654313	0,79108519	0,79203437	0,79025643	0,78676815	0,78271217	0,77931517	0,7778229	0,77940359	0,78501799	0,79527206	0,81028983	0,82965904	0,852481	0,87749463	0,90322079	0,92809145	0,95054875	0,96911468	0,98244045	0,98934196	0,98882498	0,98010498	0,96262444	0,93606664	0,9003661	0,85571691	0,80257715	0,74166924	0,67397681	0,60073627	0,52342327	0,44373266	0,36355119	0,28492209	
0,32	0,2176	0,26623468	0,31737842	0,36985203	0,42252269	0,47432354	0,52426707	0,57147318	0,61516413	0,65469942	0,6896259	0,71963875	0,74458796	0,76448446	0,77950462	0,78999454	0,79646835	0,79960325	0,80022944	0,7993121	0,79792243	0,79719277	0,79825135	0,80213305	0,80966728	0,82135793	0,83728532	0,85706517	0,8798843	0,90459432	0,92982761	0,9541087	0,97594578	0,99390028	1,00664061	1,01298243	1,01191872	1,00264461	0,98457839	0,9573785	0,92095647	0,8754873	0,82141531	0,75945541	0,69059017	0,6160613	0,53735475	0,45617932	0,37443746	0,29418797	
0,34	0,2244	0,2715729	0,32132852	0,37252769	0,42407405	0,4749291	0,52414227	0,57084676	0,61429218	0,65384474	0,68903336	0,71956261	0,7452868	0,76621773	0,78252997	0,79456198	0,80281436	0,80794332	0,81074798	0,81214965	0,8131594	0,81483103	0,81819777	0,82418934	0,8335335	0,84665658	0,86360549	0,88401525	0,90713484	0,93189916	0,95702443	0,98110501	1,0026973	1,02038913	1,03285628	1,0389062	1,03751296	1,02784617	1,00929571	0,98149179	0,94432054	0,89793634	0,84276941	0,77952786	0,70919544	0,63302273	0,55251142	0,46939158	0,38559065	0,30319449	
0,36	0,2304	0,27638546	0,32502192	0,3752048	0,42586535	0,47600261	0,52467999	0,57105984	0,61440421	0,65409033	0,68963015	0,72072716	0,74723876	0,76917733	0,78671347	0,80017845	0,81006114	0,81700005	0,82176896	0,82525303	0,82841444	0,83224508	0,83770395	0,84563965	0,85670299	0,87126249	0,8893401	0,91058384	0,93428618	0,95944161	0,98482647	1,00908342	1,03079969	1,04857594	1,06108412	1,0671147	1,06561551	1,05572455	1,03679833	1,00843486	0,97049176	0,92310105	0,86667812	0,80192496	0,72982878	0,65165281	0,56892022	0,48339008	0,39702464	0,3119486	
0,38	0,2356	0,28066332	0,32844089	0,37785312	0,42786863	0,4775006	0,52584209	0,57206674	0,61544787	0,65537264	0,69135246	0,723069	0,75038204	0,77330173	0,79199483	0,80678626	0,81815547	0,82672719	0,83325497	0,83859652	0,8436777	0,84944394	0,85679908	0,86653211	0,87923819	0,89524458	0,91455505	0,93682565	0,96137808	0,98724672	1,01324661	1,0380489	1,06025482	1,07846355	1,09133127	1,09762159	1,09624789	1,08630964	1,06712423	1,03825272	0,9995208	0,95103584	0,89319731	0,8267018	0,75254204	0,67199802	0,58662044	0,49820542	0,40876031	0,32046084	
0,4	0,24	0,28439875	0,33156509	0,38045541	0,43005188	0,47939645	0,52759219	0,57382527	0,61737929	0,65764765	0,6941479	0,72653609	0,75466384	0,77853861	0,79832325	0,81433749	0,82705327	0,83708499	0,845173	0,85215674	0,85893747	0,86642957	0,87549977	0,88689725	0,90118013	0,91864836	0,93929374	0,96277685	0,98843687	1,01533109	1,0422942	1,06800735	1,09106907	1,1100622	1,12361463	1,13045245	1,12944533	1,11964646	1,1003276	1,07100754	1,03147606	0,98181299	0,92240071	0,85393068	0,77740335	0,69411961	0,605664	0,51387827	0,42082559	0,32874544	
0,42	0,2436	0,28757964	0,3343867	0,3829901	0,4323983	0,48166192	0,52989739	0,57630086	0,62016251	0,66088044	0,69797174	0,73108434	0,76004067	0,78484569	0,80565838	0,82279339	0,83671763	0,84804032	0,85749479	0,86591138	0,87417924	0,8831967	0,89381074	0,90674889	0,92254937	0,94149764	0,96357886	0,98845564	1,01547506	1,04370232	1,07197428	1,09896457	1,12325226	1,14338881	1,15796057	1,16564449	1,16525658	1,15579525	1,13647922	1,10677913	1,06644417	1,01552342	0,95438051	0,88370189	0,80449775	0,71809418	0,62611609	0,53045986	0,43325575	0,33682037	
0,44	0,2464	0,29021192	0,33690003	0,38545549	0,43489408	0,48428003	0,5327393	0,57947499	0,62378069	0,66505317	0,70280753	0,73668912	0,76648922	0,79220131	0,81397919	0,83213414	0,84713076	0,85957694	0,87020611	0,87984924	0,88939572	0,8997426	0,91173402	0,92609375	0,94335611	0,96380361	0,98742046	1,01386976	1,04249791	1,07236443	1,10229221	1,13093031	1,15682151	1,17847039	1,19440791	1,20324951	1,2037468	1,19483398	1,17566879	1,14566709	1,10453215	1,05227858	0,98924923	0,91612529	0,8339287	0,74401498	0,6480562	0,54801279	0,44609405	0,34470779	
0,46	0,2484	0,29228555	0,33909636	0,38782968	0,43751437	0,48722353	0,53609004	0,58331898	0,62820188	0,6701328	0,70862179	0,74330767	0,77396797	0,80056316	0,82324352	0,84231734	0,85824924	0,87165084	0,88326271	0,89392611	0,90454298	0,91602428	0,92922848	0,94489273	0,96356301	0,98553056	1,01078423	1,03898658	1,06947568	1,10129277	1,13323118	1,16389825	1,19178357	1,21532895	1,23299522	1,24332325	1,24498872	1,23685144	1,21799951	1,18778664	1,14586431	1,09220839	1,02713838	0,95132968	0,86581777	0,77199186	0,67157826	0,56661128	0,45939189	0,35243398	
0,48	0,2496	0,29379861	0,34096092	0,39009619	0,44024125	0,49047555	0,53993237	0,58781467	0,63341041	0,67610712	0,71540629	0,75093682	0,78246822	0,80992658	0,83344961	0,85334324	0,87007475	0,88426381	0,89666512	0,90814009	0,91961603	0,93203322	0,94628161	0,96312961	0,98315051	1,00665606	1,0336462	1,06378235	1,09638722	1,13047172	1,16478417	1,19787302	1,22815734	1,25399961	1,27377522	1,28593666	1,28907123	1,28195354	1,26359259	1,23327184	1,19058445	1,13546259	1,06819927	0,98946326	0,90030492	0,80215147	0,69679067	0,58634105	0,47320848	0,36002894	
0,5	0,25	0,29474319	0,34248832	0,39225131	0,44307398	0,49403486	0,54426542	0,592964	0,63941061	0,68298227	0,72316818	0,75958504	0,79199002	0,82029234	0,8445968	0,86520872	0,88260015	0,89740332	0,9103943	0,92246468	0,93458011	0,94772637	0,96284304	0,98074771	1,00205755	1,02711754	1,05594542	1,08820126	1,12318558	1,15986691	1,1969326	1,23285442	1,2659631	1,29452436	1,31681209	1,33117586	1,33610151	1,33026688	1,31259169	1,28228042	1,23886072	1,18221546	1,11260751	1,03069752	0,93755193	0,83464005	0,72381846	0,60730073	0,48761175	0,36752723	
0,52	0,2496	0,2951207	0,34367993	0,39429635	0,44601008	0,49789827	0,54908706	0,59876586	0,6462026	0,69076024	0,73191272	0,7692602	0,8025449	0,83166491	0,85669038	0,87791856	0,89582797	0,91106769	0,92444192	0,93688238	0,94940688	0,96306341	0,97885999	0,99768295	1,02021123	1,04683699	1,07760347	1,11216963	1,14980714	1,18942949	1,22964637	1,2688345	1,30521719	1,33694518	1,36217404	1,3791349	1,3861983	1,38193306	1,36515857	1,33499091	1,29088421	1,23266568	1,16056383	1,07522908	0,97774471	0,86962608	0,75280607	0,62960453	0,50268089	0,37496994	
0,54	0,2484	0,29493192	0,34453547	0,39622741	0,44904664	0,50206452	0,55439785	0,60522321	0,65379334	0,699453	0,7416559	0,77998269	0,81415701	0,84406138	0,86974964	0,89149057	0,90977186	0,92526309	0,93880349	0,95137527	0,96406245	0,97799312	0,99426403	1,01385148	1,03751617	1,06571306	1,09851955	1,13559422	1,17617272	1,21909982	1,26288963	1,30580403	1,34593885	1,38131064	1,40993885	1,42992001	1,43949492	1,43711026	1,42147348	1,39160204	1,34686768	1,28703492	1,21229267	1,12327844	1,02109255	0,90729991	0,78391722	0,65338269	0,51850723	0,38240431	
0,56	0,2464	0,29417508	0,34505126	0,39804367	0,4521851	0,50653767	0,5602054	0,61234892	0,66220062	0,70908262	0,75242496	0,79178391	0,82686075	0,85751955	0,88380325	0,90595091	0,92445267	0,9400019	0,95347904	0,96592713	0,97851123	0,99245813	1,00897538	1,02915308	1,05385638	1,08362093	1,11856857	1,15835872	1,20218305	1,24880231	1,29661559	1,34374826	1,38814703	1,42767397	1,46019356	1,4836508	1,49614158	1,4959766	1,4817391	1,45233687	1,40704968	1,34557142	1,26804538	1,17509262	1,06782995	0,94787498	0,81733587	0,67878213	0,53519332	0,38988241	
0,58	0,2436	0,29285063	0,34523095	0,39974974	0,45543144	0,51132636	0,56652246	0,62015939	0,67144577	0,71967673	0,76425335	0,80470319	0,84070075	0,87208757	0,8988911	0,92133915	0,93990429	0,95530726	0,96847599	0,98052483	0,99271499	1,00639217	1,02289915	1,04346693	1,06909109	1,10040892	1,13759904	1,18032297	1,22771903	1,27844673	1,33076802	1,38264801	1,43186107	1,47609301	1,51303371	1,54045906	1,55630403	1,55872898	1,54617988	1,51744297	1,47169559	1,40855198	1,32810287	1,23094836	1,11822025	0,99159159	0,85326985	0,70596883	0,55285414	0,39746296	
0,6	0,24	0,29096011	0,34507583	0,40134848	0,45879209	0,51644161	0,57336492	0,62867762	0,68155925	0,73127286	0,77718585	0,81879182	0,85573338	0,88782511	0,91507554	0,93770586	0,95617017	0,97121104	0,98380881	0,99515923	1,00663529	1,01972303	1,03592794	1,05665286	1,0830544	1,11589662	1,15542975	1,20131891	1,25263793	1,30792472	1,36527883	1,42247854	1,47710048	1,52663107	1,56856496	1,60049061	1,62016556	1,62558491	1,61504355	1,58719357	1,54109848	1,47628285	1,39277668	1,29115336	1,17255732	1,0387192	0,89195315	0,73512946	0,57161979	0,40521337	
0,62	0,2356	0,28850448	0,34458939	0,40284699	0,46227764	0,52189851	0,58075439	0,63793163	0,69257649	0,74391493	0,79127486	0,83411023	0,87202624	0,90480509	0,93243123	0,95511444	0,97330831	0,98775763	0,9995013	1,00982603	1,02023242	1,03237028	1,04793856	1,0685477	1,09555157	1,12987167	1,17184764	1,22114957	1,27677303	1,33711001	1,40006819	1,46320928	1,52388448	1,57935614	1,62690228	1,66390489	1,68792709	1,6967832	1,68860256	1,66188964	1,61558166	1,5491024	1,46241169	1,35604913	1,23116845	1,089559	0,93364735	0,76647337	0,59163746	0,41320964	
0,64	0,2304	0,28548592	0,34377623	0,40425212	0,46589953	0,52771473	0,58871527	0,64795467	0,70454044	0,7576557	0,80658304	0,85073047	0,88965929	0,92311311	0,95104668	0,97365332	0,99139049	1,00500457	1,01558854	1,02452855	1,03346878	1,04424798	1,05879303	1,07896378	1,10635549	1,14208454	1,18660187	1,23958378	1,29992987	1,36585622	1,43504404	1,5048046	1,57223334	1,63434262	1,68817151	1,73087619	1,75980806	1,77258462	1,76715459	1,74186052	1,6954998	1,62738289	1,53738851	1,42601416	1,29441797	1,14444695	0,97864507	0,80023647	0,61307311	0,42153724	
0,66	0,2244	0,28190624	0,34264032	0,40557252	0,46967161	0,53391068	0,59727669	0,65878523	0,71749997	0,77255535	0,82318199	0,86873504	0,90872495	0,94284931	0,97102599	0,99342574	1,01050349	1,02302496	1,03211872	1,0392789	1,04630923	1,05526414	1,06833716	1,08768671	1,11520308	1,15224437	1,19939996	1,25635288	1,32188366	1,39399507	1,47010069	1,54722279	1,62216799	1,69167129	1,75250998	1,8015948	1,83604797	1,85327375	1,85102462	1,82746605	1,7812409	1,71153247	1,61812594	1,50146668	1,3627098	1,20375681	1,02727426	0,83668437	0,6361139	0,43029322	
0,68	0,2176	0,2777677	0,34118739	0,40681729	0,47360878	0,54050892	0,60647027	0,67046603	0,7315103	0,78868214	0,84115326	0,88821844	0,92932902	0,96412852	0,99248962	1,01455252	1,03076339	1,04191026	1,04915633	1,05410171	1,05872452	1,06532283	1,07640014	1,09447186	1,12178937	1,16001155	1,20990066	1,2711456	1,34237643	1,42133553	1,50511933	1,59041713	1,67371098	1,75143009	1,82006693	1,87626736	1,91690681	1,93915972	1,94056613	1,91909831	1,87322873	1,80199819	1,70508441	1,582868	1,43649084	1,26790473	1,0799022	0,87611546	0,66097126	0,43958749	
0,7	0,21	0,27307217	0,33942158	0,40799573	0,47772691	0,54753402	0,61633143	0,6830448	0,74663259	0,80611193	0,86058777	0,90928624	0,95159088	0,98708146	1,01557589	1,03717435	1,0523053	1,06177072	1,06678501	1,06903704	1,07069387	1,07432577	1,08279455	1,09904159	1,1257615	1,16498999	1,21770635	1,2836018	1,36111317	1,44766194	1,53996756	1,63433644	1,72688766	1,81371555	1,89100507	1,9551182	2,00266629	2,03057733	2,03616218	2,01718292	1,97192452	1,89926855	1,79876893	1,67072588	1,5162559	1,33735461	1,1369402	0,91886582	0,68788455	0,44954462	
0,72	0,2016	0,26782146	0,33734794	0,40911702	0,48204209	0,55501149	0,62689739	0,69657275	0,76293398	0,82492852	0,88158662	0,93205663	0,97564432	1,01185545	1,04044202	1,06145286	1,07528756	1,08275201	1,08511225	1,08414516	1,08220951	1,08217547	1,08731629	1,10108105	1,12671043	1,16671642	1,22235329	1,29330609	1,37775869	1,47273329	1,57450002	1,67892612	1,78172713	1,87863365	1,96550142	2,0383904	2,09363113	2,12788855	2,13822714	2,12218102	2,07782938	2,00387598	1,8997317	1,76559837	1,60255262	1,41262284	1,1988492	0,96531499	0,71712548	0,46030686	
0,74	0,1924	0,26201643	0,33496947	0,41018942	0,48657039	0,56296793	0,63820805	0,71110518	0,78048681	0,84522303	0,90426032	0,95665958	1,00163808	1,03861569	1,06726609	1,08757337	1,09989433	1,10502523	1,10427117	1,09951137	1,09328175	1,08877948	1,08974612	1,10023441	1,12416121	1,16464708	1,22329918	1,29977943	1,39193381	1,49628277	1,60855974	1,72413008	1,83826423	1,9463015	2,04374854	2,12634668	2,19012984	2,23148342	2,24720803	2,2345912	2,19148676	2,11639952	2,00857571	1,86809871	1,69598637	1,49428401	1,26614637	1,01589208	0,74900367	0,47203724	
0,76	0,1824	0,25565739	0,33228848	0,41121962	0,49132648	0,57142962	0,65030425	0,72670034	0,79936898	0,86709426	0,92872961	0,9832378	1,02973603	1,06754563	1,09624779	1,11574641	1,12633866	1,12879372	1,1244395	1,11525304	1,1039461	1,09405614	1,08985149	1,09610018	1,11756025	1,15814023	1,21990808	1,30247029	1,40321239	1,51801834	1,64198015	1,76989304	1,89654154	2,016849	2,12595599	2,21927074	2,29251593	2,34178132	2,3635859	2,35495123	2,31348419	2,23746732	2,12595881	1,97889989	1,79722564	1,582978	1,33941278	1,07108364	0,78387339	0,48492336	
0,78	0,1716	0,24874289	0,32930444	0,41221204	0,49632364	0,58042238	0,66322802	0,74341918	0,81966275	0,89064793	0,95512472	1,01194665	1,06011825	1,09884842	1,1276103	1,14620997	1,15486517	1,15429639	1,14583189	1,1315249	1,11427221	1,09794352	1,08739154	1,08822707	1,10625928	1,14643238	1,21143036	1,30074427	1,41111918	1,5376251	1,67458888	1,81616407	1,95661206	2,09042067	2,21235155	2,3174682	2,40116883	2,45923209	2,48787741	2,48383965	2,44445528	2,36775982	2,25259746	2,09873898	1,9070083	1,67941751	1,41930221	1,13144347	0,82214208	0,49918276	
0,8	0,16	0,24126983	0,32601403	0,41316746	0,50157191	0,5899703	0,6770212	0,76132484	0,84145513	0,91599673	0,98358564	1,04295406	1,09298076	1,13274719	1,16160135	1,17923167	1,18575368	1,18181295	1,16870887	1,14854112	1,12437523	1,1004107	1,08212479	1,07611085	1,08949515	1,1286063	1,19697763	1,29387302	1,41512927	1,55476952	1,70621284	1,8629009	2,01854246	2,16717784	2,30318266	2,4212675	2,51649474	2,58431707	2,62063585	2,62187705	2,58508208	2,50801296	2,38927025	2,22842214	2,02614809	1,7843962	1,50655145	1,197604	0,86428122	0,51507003	
0,82	0,1476	0,23323221	0,32240933	0,41408224	0,50707766	0,60009491	0,69172507	0,78048164	0,86483664	0,9432598	1,01426175	1,07644097	1,12853634	1,16948597	1,19849425	1,21511037	1,21932181	1,21166838	1,19338384	1,16657286	1,13442789	1,10147421	1,07382198	1,05919306	1,06636332	1,10354519	1,17548995	1,28102364	1,41467146	1,56910728	1,73668562	1,91007529	2,08241641	2,2473007	2,39871771	2,53102093	2,63892761	2,71755	2,76245202	2,76972755	2,7360973	2,65902062	2,53682149	2,36882986	2,15554143	1,89879801	1,60199236	1,27029032	0,91084043	0,53288603	
0,84	0,1344	0,22462046	0,31847682	0,4149463	0,51284186	0,61081413	0,70737914	0,80095482	0,88990112	0,97256224	1,04731156	1,1126008	1,16701433	1,2093301	1,23858921	1,25417819	1,25592812	1,24423756	1,22023038	1,18596205	1,14469072	1,10122039	1,06228738	1,03686548	1,03578457	1,06986531	1,14569302	1,26124978	1,40913679	1,58029556	1,76585761	1,95767977	2,14833853	2,33099031	2,49924696	2,6471052	2,7689296	2,85947743	2,91395499	2,92810043	2,89828617	2,82163696	2,69616483	2,52092184	2,29617444	2,02360735	1,7065654	1,35033757	0,9624658	0,55299091	
0,86	0,1204	0,21541977	0,31419504	0,41574189	0,51885871	0,62214101	0,72402041	0,82280927	0,91674498	1,00403472	1,08290241	1,15163952	1,20866074	1,25256634	1,28221364	1,29680177	1,29597457	1,27994992	1,24969016	1,20713395	1,15551928	1,09983219	1,04739101	1,0084847	0,99646344	1,02581271	1,10604382	1,23348936	1,39789626	1,5880111	1,79360863	2,00573508	2,21643835	2,41847055	2,60508354	2,76992187	2,9069911	3,01067867	3,07581296	3,0977513	3,07248787	2,99677899	2,86828689	2,68574186	2,44913027	2,15991941	1,8213349	1,43871184	1,01992397	0,5758228	
0,88	0,1056	0,20560833	0,30953236	0,41644084	0,52511407	0,63408242	0,74168226	0,84610909	0,94546642	1,03781271	1,12120984	1,19377517	1,25373809	1,29950316	1,3297228	1,34338318	1,33990838	1,31929303	1,28228005	1,23061047	1,16738995	1,09764049	1,02911889	0,97340662	0,94683968	0,96909566	1,05466304	1,19657668	1,38033284	1,59197605	1,8198634	2,05429807	2,28687377	2,50998942	2,71656375	2,89989715	3,05363039	3,17176623	3,24873383	3,27948263	3,25959684	3,1854288	3,05425019	2,86442245	2,61559597	2,30895089	1,94750602	1,53653528	1,08413445	0,60192511	
0,9	0,09	0,19515395	0,30444363	0,41700253	0,53158349	0,64663784	0,76039327	0,87091633	0,97616471	1,07403599	1,16241718	1,23923743	1,30252488	1,35047026	1,38149976	1,39436041	1,38822335	1,36281551	1,31859804	1,25702271	1,18092481	1,09515783	1,00764445	0,93105822	0,88504218	0,89659872	0,98925966	1,14928344	1,35589379	1,59199207	1,84460933	2,10346966	2,35983402	2,60581954	2,83404644	3,03748086	3,20939313	3,34338573	3,43346538	3,47414455	3,46056427	3,38863527	3,25519572	3,05818875	2,79686837	2,47205029	2,08644262	1,64511623	1,15621308	0,63198834	
0,92	0,0736	0,18400969	0,29886546	0,41737059	0,53823044	0,6597979	0,78017645	0,89729033	1,00893927	1,1128477	1,2067147	1,28826691	1,35531518	1,40581827	1,4379549	1,45020709	1,44145998	1,41112837	1,35932751	1,28712158	1,19691693	1,09313572	0,9834462	0,88107527	0,80887559	0,80386567	0,90707161	1,09041563	1,32417083	1,58798243	1,86791445	2,15340107	2,43554091	2,70625752	2,95791159	3,18314523	3,37485163	3,52621534	3,63079502	3,68263529	3,67639893	3,60751539	3,47234507	3,26836142	2,99435914	2,65070711	2,23968494	1,76598341	1,23753012	0,66691647	
0,94	0,0564	0,17210592	0,29271097	0,41746984	0,54500437	0,67354314	0,80104781	0,92528669	1,04388898	1,15439368	1,25429892	1,34111434	1,4124177	1,46591786	1,49952519	1,51143161	1,5002047	1,4649045	1,40523822	1,3217841	1,21635117	1,0926227	0,95743429	0,82354952	0,71592758	0,68411069	0,80489712	1,0190091	1,28501389	1,58003872	1,88994282	2,20429702	2,51424767	2,81162149	3,08855805	3,33738327	3,55060367	3,72096488	3,84154944	3,90590122	3,90816741	3,84325517	3,70700176	3,49635874	3,20959836	2,84655849	2,40896509	1,90092253	1,32978724	0,70793633	
0,96	0,0384	0,1593373	0,2858619	0,41720314	0,55183918	0,68784295	0,82301569	0,95495617	1,08111103	1,19882151	1,30537161	1,39803979	1,47415498	1,53115862	1,56667271	1,57857544	1,56508772	1,52487616	1,45718387	1,36201329	1,24041528	1,09501466	0,93112047	0,75946615	0,60403636	0,52622894	0,6794313	0,93468543	1,23867402	1,56846324	1,91096254	2,2564138	2,59623486	2,92224699	3,22640022	3,50070635	3,73727048	3,92837456	4,06659408	4,14493659	4,15699443	4,09711024	3,96055189	3,74369744	3,4442355	3,06139226	2,59621755	2,05201083	1,43511528	0,75678553	
0,98	0,0196	0,14553988	0,27816061	0,41644863	0,55865205	0,70265455	0,84607972	0,98634409	1,12070012	1,24627937	1,36013877	1,45931142	1,54086212	1,60194779	1,63988306	1,65221084	1,63677965	1,59182997	1,51609508	1,40892934	1,27049408	1,10207803	0,90677877	0,69134272	0,47273963	0,31061079	0,52848456	0,8382262	1,18594807	1,55379019	1,93134017	2,31005022	2,68180249	3,03848118	3,37186396	3,6736409	3,9354943	4,14921333	4,30683205	4,40078311	4,42406295	4,37040592	4,23446404	4,01199202	3,70003797	3,29714492	2,80358003	2,22163934	1,55618587	0,81604864	
1	0	0,13044818	0,26940254	0,41505927	0,56534317	0,71792253	0,87022993	1,01948904	1,16274743	1,29691523	1,4188096	1,5252045	1,61288545	1,67870855	1,71966328	1,73293796	1,7159872	1,66660009	1,582968	1,4637508	1,30814014	1,1159183	0,88751138	0,62403514	0,32733236	0	0,35459492	0,73231203	1,12824808	1,53676208	1,95151576	2,3655302	2,77125854	3,16067521	3,5253811	3,85672435	4,14593569	4,38427721	4,56320295	4,67452944	4,71061376	4,66453683	4,53028874	4,30295314	3,9788872	3,55589356	3,03338044	2,41250605	1,69630339	0,88978162	
																																																			
